{
  "hash": "b199ed82",
  "configHash": "9aa6095e",
  "lockfileHash": "65fb3ded",
  "browserHash": "412f900d",
  "optimized": {
    "@angular/cdk/layout": {
      "src": "../../../../../node_modules/@angular/cdk/fesm2022/layout.mjs",
      "file": "@angular_cdk_layout.js",
      "fileHash": "414f8d7e",
      "needsInterop": false
    },
    "@angular/common": {
      "src": "../../../../../node_modules/@angular/common/fesm2022/common.mjs",
      "file": "@angular_common.js",
      "fileHash": "ef4fbce0",
      "needsInterop": false
    },
    "@angular/core": {
      "src": "../../../../../node_modules/@angular/core/fesm2022/core.mjs",
      "file": "@angular_core.js",
      "fileHash": "067d0dc2",
      "needsInterop": false
    },
    "@angular/forms": {
      "src": "../../../../../node_modules/@angular/forms/fesm2022/forms.mjs",
      "file": "@angular_forms.js",
      "fileHash": "4e630562",
      "needsInterop": false
    },
    "@angular/material/button": {
      "src": "../../../../../node_modules/@angular/material/fesm2022/button.mjs",
      "file": "@angular_material_button.js",
      "fileHash": "f891c06e",
      "needsInterop": false
    },
    "@angular/material/card": {
      "src": "../../../../../node_modules/@angular/material/fesm2022/card.mjs",
      "file": "@angular_material_card.js",
      "fileHash": "3e3ded6b",
      "needsInterop": false
    },
    "@angular/material/grid-list": {
      "src": "../../../../../node_modules/@angular/material/fesm2022/grid-list.mjs",
      "file": "@angular_material_grid-list.js",
      "fileHash": "8fb5fa82",
      "needsInterop": false
    },
    "@angular/material/icon": {
      "src": "../../../../../node_modules/@angular/material/fesm2022/icon.mjs",
      "file": "@angular_material_icon.js",
      "fileHash": "eb1a5c46",
      "needsInterop": false
    },
    "@angular/material/list": {
      "src": "../../../../../node_modules/@angular/material/fesm2022/list.mjs",
      "file": "@angular_material_list.js",
      "fileHash": "19fbaf29",
      "needsInterop": false
    },
    "@angular/material/menu": {
      "src": "../../../../../node_modules/@angular/material/fesm2022/menu.mjs",
      "file": "@angular_material_menu.js",
      "fileHash": "6250c821",
      "needsInterop": false
    },
    "@angular/material/sidenav": {
      "src": "../../../../../node_modules/@angular/material/fesm2022/sidenav.mjs",
      "file": "@angular_material_sidenav.js",
      "fileHash": "a1767a9f",
      "needsInterop": false
    },
    "@angular/material/toolbar": {
      "src": "../../../../../node_modules/@angular/material/fesm2022/toolbar.mjs",
      "file": "@angular_material_toolbar.js",
      "fileHash": "b0d2682c",
      "needsInterop": false
    },
    "@angular/platform-browser": {
      "src": "../../../../../node_modules/@angular/platform-browser/fesm2022/platform-browser.mjs",
      "file": "@angular_platform-browser.js",
      "fileHash": "f7855e80",
      "needsInterop": false
    },
    "@angular/platform-browser/animations/async": {
      "src": "../../../../../node_modules/@angular/platform-browser/fesm2022/animations/async.mjs",
      "file": "@angular_platform-browser_animations_async.js",
      "fileHash": "28901253",
      "needsInterop": false
    },
    "@angular/router": {
      "src": "../../../../../node_modules/@angular/router/fesm2022/router.mjs",
      "file": "@angular_router.js",
      "fileHash": "cdf61eb3",
      "needsInterop": false
    },
    "rxjs/operators": {
      "src": "../../../../../node_modules/rxjs/dist/esm5/operators/index.js",
      "file": "rxjs_operators.js",
      "fileHash": "0541447b",
      "needsInterop": false
    }
  },
  "chunks": {
    "browser-GWMBGN4G": {
      "file": "browser-GWMBGN4G.js"
    },
    "chunk-47QVQDWC": {
      "file": "chunk-47QVQDWC.js"
    },
    "chunk-LNKZA6BN": {
      "file": "chunk-LNKZA6BN.js"
    },
    "chunk-WEZHHO5R": {
      "file": "chunk-WEZHHO5R.js"
    },
    "chunk-KZWWPMTF": {
      "file": "chunk-KZWWPMTF.js"
    },
    "chunk-JFZ4ZHXP": {
      "file": "chunk-JFZ4ZHXP.js"
    },
    "chunk-MB37WTWE": {
      "file": "chunk-MB37WTWE.js"
    },
    "chunk-54QYAPL4": {
      "file": "chunk-54QYAPL4.js"
    },
    "chunk-K4Q5IL3J": {
      "file": "chunk-K4Q5IL3J.js"
    },
    "chunk-BW62CV6L": {
      "file": "chunk-BW62CV6L.js"
    },
    "chunk-V2MCY3ZS": {
      "file": "chunk-V2MCY3ZS.js"
    }
  }
}